type,face,back,name,description,gm_notes,tags
Card,https://raw.githubusercontent.com/THIRTY9CLUES/Resin-Wars/refs/heads/main/Plastic%20Beasts%20Set%200.04/Adept%20Rebel_Previews.png,https://raw.githubusercontent.com/THIRTY9CLUES/Resin-Wars/refs/heads/main/Mecha_Card_Logo_Back_Cover_D%20-%20Copy.jpg,,,,
Card,https://raw.githubusercontent.com/THIRTY9CLUES/Resin-Wars/refs/heads/main/Plastic%20Beasts%20Set%200.04/Adept%20Survivor_Previews.png,https://raw.githubusercontent.com/THIRTY9CLUES/Resin-Wars/refs/heads/main/Mecha_Card_Logo_Back_Cover_D%20-%20Copy.jpg,,,,
Card,https://raw.githubusercontent.com/THIRTY9CLUES/Resin-Wars/refs/heads/main/Plastic%20Beasts%20Set%200.04/Adrenaline%20Junkie_Previews.png,https://raw.githubusercontent.com/THIRTY9CLUES/Resin-Wars/refs/heads/main/Mecha_Card_Logo_Back_Cover_D%20-%20Copy.jpg,,,,
Card,https://raw.githubusercontent.com/THIRTY9CLUES/Resin-Wars/refs/heads/main/Plastic%20Beasts%20Set%200.04/Aerial%20Ace%20Nemo_Previews.png,https://raw.githubusercontent.com/THIRTY9CLUES/Resin-Wars/refs/heads/main/Mecha_Card_Logo_Back_Cover_D%20-%20Copy.jpg,,,,
Card,https://raw.githubusercontent.com/THIRTY9CLUES/Resin-Wars/refs/heads/main/Plastic%20Beasts%20Set%200.04/Aerial%20Refueler_Previews.png,https://raw.githubusercontent.com/THIRTY9CLUES/Resin-Wars/refs/heads/main/Mecha_Card_Logo_Back_Cover_D%20-%20Copy.jpg,,,,
Card,https://raw.githubusercontent.com/THIRTY9CLUES/Resin-Wars/refs/heads/main/Plastic%20Beasts%20Set%200.04/Artillery%20Bot_Previews.png,https://raw.githubusercontent.com/THIRTY9CLUES/Resin-Wars/refs/heads/main/Mecha_Card_Logo_Back_Cover_D%20-%20Copy.jpg,,,,
Card,https://raw.githubusercontent.com/THIRTY9CLUES/Resin-Wars/refs/heads/main/Plastic%20Beasts%20Set%200.04/Ballistic%20Calculator_Previews.png,https://raw.githubusercontent.com/THIRTY9CLUES/Resin-Wars/refs/heads/main/Mecha_Card_Logo_Back_Cover_D%20-%20Copy.jpg,,,,
Card,https://raw.githubusercontent.com/THIRTY9CLUES/Resin-Wars/refs/heads/main/Plastic%20Beasts%20Set%200.04/Basic%20Healer_Previews.png,https://raw.githubusercontent.com/THIRTY9CLUES/Resin-Wars/refs/heads/main/Mecha_Card_Logo_Back_Cover_D%20-%20Copy.jpg,,,,
Card,https://raw.githubusercontent.com/THIRTY9CLUES/Resin-Wars/refs/heads/main/Plastic%20Beasts%20Set%200.04/Blaze%20of%20Glory_Previews.png,https://raw.githubusercontent.com/THIRTY9CLUES/Resin-Wars/refs/heads/main/Mecha_Card_Logo_Back_Cover_D%20-%20Copy.jpg,,,,
Card,https://raw.githubusercontent.com/THIRTY9CLUES/Resin-Wars/refs/heads/main/Plastic%20Beasts%20Set%200.04/Blazing%20Shooter_Previews.png,https://raw.githubusercontent.com/THIRTY9CLUES/Resin-Wars/refs/heads/main/Mecha_Card_Logo_Back_Cover_D%20-%20Copy.jpg,,,,
Card,https://raw.githubusercontent.com/THIRTY9CLUES/Resin-Wars/refs/heads/main/Plastic%20Beasts%20Set%200.04/Bootstraper_Previews.png,https://raw.githubusercontent.com/THIRTY9CLUES/Resin-Wars/refs/heads/main/Mecha_Card_Logo_Back_Cover_D%20-%20Copy.jpg,,,,
Card,https://raw.githubusercontent.com/THIRTY9CLUES/Resin-Wars/refs/heads/main/Plastic%20Beasts%20Set%200.04/Bountiful%20Contractor_Previews.png,https://raw.githubusercontent.com/THIRTY9CLUES/Resin-Wars/refs/heads/main/Mecha_Card_Logo_Back_Cover_D%20-%20Copy.jpg,,,,
Card,https://raw.githubusercontent.com/THIRTY9CLUES/Resin-Wars/refs/heads/main/Plastic%20Beasts%20Set%200.04/Callous%20Hitman_Previews.png,https://raw.githubusercontent.com/THIRTY9CLUES/Resin-Wars/refs/heads/main/Mecha_Card_Logo_Back_Cover_D%20-%20Copy.jpg,,,,
Card,https://raw.githubusercontent.com/THIRTY9CLUES/Resin-Wars/refs/heads/main/Plastic%20Beasts%20Set%200.04/Camoflauger_Previews.png,https://raw.githubusercontent.com/THIRTY9CLUES/Resin-Wars/refs/heads/main/Mecha_Card_Logo_Back_Cover_D%20-%20Copy.jpg,,,,
Card,https://raw.githubusercontent.com/THIRTY9CLUES/Resin-Wars/refs/heads/main/Plastic%20Beasts%20Set%200.04/Champion%20Knight_Previews.png,https://raw.githubusercontent.com/THIRTY9CLUES/Resin-Wars/refs/heads/main/Mecha_Card_Logo_Back_Cover_D%20-%20Copy.jpg,,,,
Card,https://raw.githubusercontent.com/THIRTY9CLUES/Resin-Wars/refs/heads/main/Plastic%20Beasts%20Set%200.04/Courier_Previews.png,https://raw.githubusercontent.com/THIRTY9CLUES/Resin-Wars/refs/heads/main/Mecha_Card_Logo_Back_Cover_D%20-%20Copy.jpg,,,,
Card,https://raw.githubusercontent.com/THIRTY9CLUES/Resin-Wars/refs/heads/main/Plastic%20Beasts%20Set%200.04/Deafening%20Silence_Previews.png,https://raw.githubusercontent.com/THIRTY9CLUES/Resin-Wars/refs/heads/main/Mecha_Card_Logo_Back_Cover_D%20-%20Copy.jpg,,,,
Card,https://raw.githubusercontent.com/THIRTY9CLUES/Resin-Wars/refs/heads/main/Plastic%20Beasts%20Set%200.04/Decoy_Previews.png,https://raw.githubusercontent.com/THIRTY9CLUES/Resin-Wars/refs/heads/main/Mecha_Card_Logo_Back_Cover_D%20-%20Copy.jpg,,,,
Card,https://raw.githubusercontent.com/THIRTY9CLUES/Resin-Wars/refs/heads/main/Plastic%20Beasts%20Set%200.04/Dumpster%20Diver_Previews.png,https://raw.githubusercontent.com/THIRTY9CLUES/Resin-Wars/refs/heads/main/Mecha_Card_Logo_Back_Cover_D%20-%20Copy.jpg,,,,
Card,https://raw.githubusercontent.com/THIRTY9CLUES/Resin-Wars/refs/heads/main/Plastic%20Beasts%20Set%200.04/Electric%20Shuffle_Previews.png,https://raw.githubusercontent.com/THIRTY9CLUES/Resin-Wars/refs/heads/main/Mecha_Card_Logo_Back_Cover_D%20-%20Copy.jpg,,,,
Card,https://raw.githubusercontent.com/THIRTY9CLUES/Resin-Wars/refs/heads/main/Plastic%20Beasts%20Set%200.04/Elite%20Flyer%20Corvus_Previews.png,https://raw.githubusercontent.com/THIRTY9CLUES/Resin-Wars/refs/heads/main/Mecha_Card_Logo_Back_Cover_D%20-%20Copy.jpg,,,,
Card,https://raw.githubusercontent.com/THIRTY9CLUES/Resin-Wars/refs/heads/main/Plastic%20Beasts%20Set%200.04/Extractor_Previews.png,https://raw.githubusercontent.com/THIRTY9CLUES/Resin-Wars/refs/heads/main/Mecha_Card_Logo_Back_Cover_D%20-%20Copy.jpg,,,,
Card,https://raw.githubusercontent.com/THIRTY9CLUES/Resin-Wars/refs/heads/main/Plastic%20Beasts%20Set%200.04/Eye%20for%20an%20Eye_Previews.png,https://raw.githubusercontent.com/THIRTY9CLUES/Resin-Wars/refs/heads/main/Mecha_Card_Logo_Back_Cover_D%20-%20Copy.jpg,,,,
Card,https://raw.githubusercontent.com/THIRTY9CLUES/Resin-Wars/refs/heads/main/Plastic%20Beasts%20Set%200.04/Fast%20Targeter_Previews.png,https://raw.githubusercontent.com/THIRTY9CLUES/Resin-Wars/refs/heads/main/Mecha_Card_Logo_Back_Cover_D%20-%20Copy.jpg,,,,
Card,https://raw.githubusercontent.com/THIRTY9CLUES/Resin-Wars/refs/heads/main/Plastic%20Beasts%20Set%200.04/Firing%20Support_Previews.png,https://raw.githubusercontent.com/THIRTY9CLUES/Resin-Wars/refs/heads/main/Mecha_Card_Logo_Back_Cover_D%20-%20Copy.jpg,,,,
Card,https://raw.githubusercontent.com/THIRTY9CLUES/Resin-Wars/refs/heads/main/Plastic%20Beasts%20Set%200.04/Flight%20Pack_Previews.png,https://raw.githubusercontent.com/THIRTY9CLUES/Resin-Wars/refs/heads/main/Mecha_Card_Logo_Back_Cover_D%20-%20Copy.jpg,,,,
Card,https://raw.githubusercontent.com/THIRTY9CLUES/Resin-Wars/refs/heads/main/Plastic%20Beasts%20Set%200.04/Freedom%20Fighter_Previews.png,https://raw.githubusercontent.com/THIRTY9CLUES/Resin-Wars/refs/heads/main/Mecha_Card_Logo_Back_Cover_D%20-%20Copy.jpg,,,,
Card,https://raw.githubusercontent.com/THIRTY9CLUES/Resin-Wars/refs/heads/main/Plastic%20Beasts%20Set%200.04/General%20Armstrong_Previews.png,https://raw.githubusercontent.com/THIRTY9CLUES/Resin-Wars/refs/heads/main/Mecha_Card_Logo_Back_Cover_D%20-%20Copy.jpg,,,,
Card,https://raw.githubusercontent.com/THIRTY9CLUES/Resin-Wars/refs/heads/main/Plastic%20Beasts%20Set%200.04/Grand%20Bomber%20Hale_Previews.png,https://raw.githubusercontent.com/THIRTY9CLUES/Resin-Wars/refs/heads/main/Mecha_Card_Logo_Back_Cover_D%20-%20Copy.jpg,,,,
Card,https://raw.githubusercontent.com/THIRTY9CLUES/Resin-Wars/refs/heads/main/Plastic%20Beasts%20Set%200.04/Gunslinger_Previews.png,https://raw.githubusercontent.com/THIRTY9CLUES/Resin-Wars/refs/heads/main/Mecha_Card_Logo_Back_Cover_D%20-%20Copy.jpg,,,,
Card,https://raw.githubusercontent.com/THIRTY9CLUES/Resin-Wars/refs/heads/main/Plastic%20Beasts%20Set%200.04/Heavy%20Gunner%20Rota_Previews.png,https://raw.githubusercontent.com/THIRTY9CLUES/Resin-Wars/refs/heads/main/Mecha_Card_Logo_Back_Cover_D%20-%20Copy.jpg,,,,
Card,https://raw.githubusercontent.com/THIRTY9CLUES/Resin-Wars/refs/heads/main/Plastic%20Beasts%20Set%200.04/Hill%20Marksman_Previews.png,https://raw.githubusercontent.com/THIRTY9CLUES/Resin-Wars/refs/heads/main/Mecha_Card_Logo_Back_Cover_D%20-%20Copy.jpg,,,,
Card,https://raw.githubusercontent.com/THIRTY9CLUES/Resin-Wars/refs/heads/main/Plastic%20Beasts%20Set%200.04/Honorable%20King_Previews.png,https://raw.githubusercontent.com/THIRTY9CLUES/Resin-Wars/refs/heads/main/Mecha_Card_Logo_Back_Cover_D%20-%20Copy.jpg,,,,
Card,https://raw.githubusercontent.com/THIRTY9CLUES/Resin-Wars/refs/heads/main/Plastic%20Beasts%20Set%200.04/Into%20the%20Walls_Previews.png,https://raw.githubusercontent.com/THIRTY9CLUES/Resin-Wars/refs/heads/main/Mecha_Card_Logo_Back_Cover_D%20-%20Copy.jpg,,,,
Card,https://raw.githubusercontent.com/THIRTY9CLUES/Resin-Wars/refs/heads/main/Plastic%20Beasts%20Set%200.04/Junkyard%20Search_Previews.png,https://raw.githubusercontent.com/THIRTY9CLUES/Resin-Wars/refs/heads/main/Mecha_Card_Logo_Back_Cover_D%20-%20Copy.jpg,,,,
Card,https://raw.githubusercontent.com/THIRTY9CLUES/Resin-Wars/refs/heads/main/Plastic%20Beasts%20Set%200.04/Killer%20Mentor_Previews.png,https://raw.githubusercontent.com/THIRTY9CLUES/Resin-Wars/refs/heads/main/Mecha_Card_Logo_Back_Cover_D%20-%20Copy.jpg,,,,
Card,https://raw.githubusercontent.com/THIRTY9CLUES/Resin-Wars/refs/heads/main/Plastic%20Beasts%20Set%200.04/Kleptomanic_Previews.png,https://raw.githubusercontent.com/THIRTY9CLUES/Resin-Wars/refs/heads/main/Mecha_Card_Logo_Back_Cover_D%20-%20Copy.jpg,,,,
Card,https://raw.githubusercontent.com/THIRTY9CLUES/Resin-Wars/refs/heads/main/Plastic%20Beasts%20Set%200.04/Knight%20of%20Hospitaller_Previews.png,https://raw.githubusercontent.com/THIRTY9CLUES/Resin-Wars/refs/heads/main/Mecha_Card_Logo_Back_Cover_D%20-%20Copy.jpg,,,,
Card,https://raw.githubusercontent.com/THIRTY9CLUES/Resin-Wars/refs/heads/main/Plastic%20Beasts%20Set%200.04/Little%20Bot%20A_Previews.png,https://raw.githubusercontent.com/THIRTY9CLUES/Resin-Wars/refs/heads/main/Mecha_Card_Logo_Back_Cover_D%20-%20Copy.jpg,,,,
Card,https://raw.githubusercontent.com/THIRTY9CLUES/Resin-Wars/refs/heads/main/Plastic%20Beasts%20Set%200.04/Little%20Knave_Previews.png,https://raw.githubusercontent.com/THIRTY9CLUES/Resin-Wars/refs/heads/main/Mecha_Card_Logo_Back_Cover_D%20-%20Copy.jpg,,,,
Card,https://raw.githubusercontent.com/THIRTY9CLUES/Resin-Wars/refs/heads/main/Plastic%20Beasts%20Set%200.04/Logistics%20Officer_Previews.png,https://raw.githubusercontent.com/THIRTY9CLUES/Resin-Wars/refs/heads/main/Mecha_Card_Logo_Back_Cover_D%20-%20Copy.jpg,,,,
Card,https://raw.githubusercontent.com/THIRTY9CLUES/Resin-Wars/refs/heads/main/Plastic%20Beasts%20Set%200.04/Loyal%20Handler_Previews.png,https://raw.githubusercontent.com/THIRTY9CLUES/Resin-Wars/refs/heads/main/Mecha_Card_Logo_Back_Cover_D%20-%20Copy.jpg,,,,
Card,https://raw.githubusercontent.com/THIRTY9CLUES/Resin-Wars/refs/heads/main/Plastic%20Beasts%20Set%200.04/Master%20Siren_Previews.png,https://raw.githubusercontent.com/THIRTY9CLUES/Resin-Wars/refs/heads/main/Mecha_Card_Logo_Back_Cover_D%20-%20Copy.jpg,,,,
Card,https://raw.githubusercontent.com/THIRTY9CLUES/Resin-Wars/refs/heads/main/Plastic%20Beasts%20Set%200.04/Men%20in%20Black_Previews.png,https://raw.githubusercontent.com/THIRTY9CLUES/Resin-Wars/refs/heads/main/Mecha_Card_Logo_Back_Cover_D%20-%20Copy.jpg,,,,
Card,https://raw.githubusercontent.com/THIRTY9CLUES/Resin-Wars/refs/heads/main/Plastic%20Beasts%20Set%200.04/Micro%20Artillery%20Bot_Previews.png,https://raw.githubusercontent.com/THIRTY9CLUES/Resin-Wars/refs/heads/main/Mecha_Card_Logo_Back_Cover_D%20-%20Copy.jpg,,,,
Card,https://raw.githubusercontent.com/THIRTY9CLUES/Resin-Wars/refs/heads/main/Plastic%20Beasts%20Set%200.04/Mid%20Bot%20A_Previews.png,https://raw.githubusercontent.com/THIRTY9CLUES/Resin-Wars/refs/heads/main/Mecha_Card_Logo_Back_Cover_D%20-%20Copy.jpg,,,,
Card,https://raw.githubusercontent.com/THIRTY9CLUES/Resin-Wars/refs/heads/main/Plastic%20Beasts%20Set%200.04/Plastic%20Explosives_Previews.png,https://raw.githubusercontent.com/THIRTY9CLUES/Resin-Wars/refs/heads/main/Mecha_Card_Logo_Back_Cover_D%20-%20Copy.jpg,,,,
Card,https://raw.githubusercontent.com/THIRTY9CLUES/Resin-Wars/refs/heads/main/Plastic%20Beasts%20Set%200.04/Protector_Previews.png,https://raw.githubusercontent.com/THIRTY9CLUES/Resin-Wars/refs/heads/main/Mecha_Card_Logo_Back_Cover_D%20-%20Copy.jpg,,,,
Card,https://raw.githubusercontent.com/THIRTY9CLUES/Resin-Wars/refs/heads/main/Plastic%20Beasts%20Set%200.04/Railgun%20Specialists_Previews.png,https://raw.githubusercontent.com/THIRTY9CLUES/Resin-Wars/refs/heads/main/Mecha_Card_Logo_Back_Cover_D%20-%20Copy.jpg,,,,
Card,https://raw.githubusercontent.com/THIRTY9CLUES/Resin-Wars/refs/heads/main/Plastic%20Beasts%20Set%200.04/Rebel%20Leader_Previews.png,https://raw.githubusercontent.com/THIRTY9CLUES/Resin-Wars/refs/heads/main/Mecha_Card_Logo_Back_Cover_D%20-%20Copy.jpg,,,,
Card,https://raw.githubusercontent.com/THIRTY9CLUES/Resin-Wars/refs/heads/main/Plastic%20Beasts%20Set%200.04/Recon%20Bot_Previews.png,https://raw.githubusercontent.com/THIRTY9CLUES/Resin-Wars/refs/heads/main/Mecha_Card_Logo_Back_Cover_D%20-%20Copy.jpg,,,,
Card,https://raw.githubusercontent.com/THIRTY9CLUES/Resin-Wars/refs/heads/main/Plastic%20Beasts%20Set%200.04/Renegade_Previews.png,https://raw.githubusercontent.com/THIRTY9CLUES/Resin-Wars/refs/heads/main/Mecha_Card_Logo_Back_Cover_D%20-%20Copy.jpg,,,,
Card,https://raw.githubusercontent.com/THIRTY9CLUES/Resin-Wars/refs/heads/main/Plastic%20Beasts%20Set%200.04/Resurrector_Previews.png,https://raw.githubusercontent.com/THIRTY9CLUES/Resin-Wars/refs/heads/main/Mecha_Card_Logo_Back_Cover_D%20-%20Copy.jpg,,,,
Card,https://raw.githubusercontent.com/THIRTY9CLUES/Resin-Wars/refs/heads/main/Plastic%20Beasts%20Set%200.04/Risky%20Overclocker_Previews.png,https://raw.githubusercontent.com/THIRTY9CLUES/Resin-Wars/refs/heads/main/Mecha_Card_Logo_Back_Cover_D%20-%20Copy.jpg,,,,
Card,https://raw.githubusercontent.com/THIRTY9CLUES/Resin-Wars/refs/heads/main/Plastic%20Beasts%20Set%200.04/Roaming%20Guardsman_Previews.png,https://raw.githubusercontent.com/THIRTY9CLUES/Resin-Wars/refs/heads/main/Mecha_Card_Logo_Back_Cover_D%20-%20Copy.jpg,,,,
Card,https://raw.githubusercontent.com/THIRTY9CLUES/Resin-Wars/refs/heads/main/Plastic%20Beasts%20Set%200.04/Sabotage_Previews.png,https://raw.githubusercontent.com/THIRTY9CLUES/Resin-Wars/refs/heads/main/Mecha_Card_Logo_Back_Cover_D%20-%20Copy.jpg,,,,
Card,https://raw.githubusercontent.com/THIRTY9CLUES/Resin-Wars/refs/heads/main/Plastic%20Beasts%20Set%200.04/Samurai_Previews.png,https://raw.githubusercontent.com/THIRTY9CLUES/Resin-Wars/refs/heads/main/Mecha_Card_Logo_Back_Cover_D%20-%20Copy.jpg,,,,
Card,https://raw.githubusercontent.com/THIRTY9CLUES/Resin-Wars/refs/heads/main/Plastic%20Beasts%20Set%200.04/Scavenger_Previews.png,https://raw.githubusercontent.com/THIRTY9CLUES/Resin-Wars/refs/heads/main/Mecha_Card_Logo_Back_Cover_D%20-%20Copy.jpg,,,,
Card,https://raw.githubusercontent.com/THIRTY9CLUES/Resin-Wars/refs/heads/main/Plastic%20Beasts%20Set%200.04/Schemer_Previews.png,https://raw.githubusercontent.com/THIRTY9CLUES/Resin-Wars/refs/heads/main/Mecha_Card_Logo_Back_Cover_D%20-%20Copy.jpg,,,,
Card,https://raw.githubusercontent.com/THIRTY9CLUES/Resin-Wars/refs/heads/main/Plastic%20Beasts%20Set%200.04/Searching%20Handler_Previews.png,https://raw.githubusercontent.com/THIRTY9CLUES/Resin-Wars/refs/heads/main/Mecha_Card_Logo_Back_Cover_D%20-%20Copy.jpg,,,,
Card,https://raw.githubusercontent.com/THIRTY9CLUES/Resin-Wars/refs/heads/main/Plastic%20Beasts%20Set%200.04/Selective%20Muse_Previews.png,https://raw.githubusercontent.com/THIRTY9CLUES/Resin-Wars/refs/heads/main/Mecha_Card_Logo_Back_Cover_D%20-%20Copy.jpg,,,,
Card,https://raw.githubusercontent.com/THIRTY9CLUES/Resin-Wars/refs/heads/main/Plastic%20Beasts%20Set%200.04/Silent%20Siren_Previews.png,https://raw.githubusercontent.com/THIRTY9CLUES/Resin-Wars/refs/heads/main/Mecha_Card_Logo_Back_Cover_D%20-%20Copy.jpg,,,,
Card,https://raw.githubusercontent.com/THIRTY9CLUES/Resin-Wars/refs/heads/main/Plastic%20Beasts%20Set%200.04/Skilled%20Hacker%20BitBot_Previews.png,https://raw.githubusercontent.com/THIRTY9CLUES/Resin-Wars/refs/heads/main/Mecha_Card_Logo_Back_Cover_D%20-%20Copy.jpg,,,,
Card,https://raw.githubusercontent.com/THIRTY9CLUES/Resin-Wars/refs/heads/main/Plastic%20Beasts%20Set%200.04/Skirmisher_Previews.png,https://raw.githubusercontent.com/THIRTY9CLUES/Resin-Wars/refs/heads/main/Mecha_Card_Logo_Back_Cover_D%20-%20Copy.jpg,,,,
Card,https://raw.githubusercontent.com/THIRTY9CLUES/Resin-Wars/refs/heads/main/Plastic%20Beasts%20Set%200.04/Supporting%20Marksman_Previews.png,https://raw.githubusercontent.com/THIRTY9CLUES/Resin-Wars/refs/heads/main/Mecha_Card_Logo_Back_Cover_D%20-%20Copy.jpg,,,,
Card,https://raw.githubusercontent.com/THIRTY9CLUES/Resin-Wars/refs/heads/main/Plastic%20Beasts%20Set%200.04/Surging%20Soldier_Previews.png,https://raw.githubusercontent.com/THIRTY9CLUES/Resin-Wars/refs/heads/main/Mecha_Card_Logo_Back_Cover_D%20-%20Copy.jpg,,,,
Card,https://raw.githubusercontent.com/THIRTY9CLUES/Resin-Wars/refs/heads/main/Plastic%20Beasts%20Set%200.04/Tactical%20Retreat_Previews.png,https://raw.githubusercontent.com/THIRTY9CLUES/Resin-Wars/refs/heads/main/Mecha_Card_Logo_Back_Cover_D%20-%20Copy.jpg,,,,
Card,https://raw.githubusercontent.com/THIRTY9CLUES/Resin-Wars/refs/heads/main/Plastic%20Beasts%20Set%200.04/Tailored%20Access_Previews.png,https://raw.githubusercontent.com/THIRTY9CLUES/Resin-Wars/refs/heads/main/Mecha_Card_Logo_Back_Cover_D%20-%20Copy.jpg,,,,
Card,https://raw.githubusercontent.com/THIRTY9CLUES/Resin-Wars/refs/heads/main/Plastic%20Beasts%20Set%200.04/Talented%20Coordinator_Previews.png,https://raw.githubusercontent.com/THIRTY9CLUES/Resin-Wars/refs/heads/main/Mecha_Card_Logo_Back_Cover_D%20-%20Copy.jpg,,,,
Card,https://raw.githubusercontent.com/THIRTY9CLUES/Resin-Wars/refs/heads/main/Plastic%20Beasts%20Set%200.04/Taunt_Previews.png,https://raw.githubusercontent.com/THIRTY9CLUES/Resin-Wars/refs/heads/main/Mecha_Card_Logo_Back_Cover_D%20-%20Copy.jpg,,,,
Card,https://raw.githubusercontent.com/THIRTY9CLUES/Resin-Wars/refs/heads/main/Plastic%20Beasts%20Set%200.04/The%20Manifesto_Previews.png,https://raw.githubusercontent.com/THIRTY9CLUES/Resin-Wars/refs/heads/main/Mecha_Card_Logo_Back_Cover_D%20-%20Copy.jpg,,,,
Card,https://raw.githubusercontent.com/THIRTY9CLUES/Resin-Wars/refs/heads/main/Plastic%20Beasts%20Set%200.04/Trap%20Door_Previews.png,https://raw.githubusercontent.com/THIRTY9CLUES/Resin-Wars/refs/heads/main/Mecha_Card_Logo_Back_Cover_D%20-%20Copy.jpg,,,,
Card,https://raw.githubusercontent.com/THIRTY9CLUES/Resin-Wars/refs/heads/main/Plastic%20Beasts%20Set%200.04/Triggerman_Previews.png,https://raw.githubusercontent.com/THIRTY9CLUES/Resin-Wars/refs/heads/main/Mecha_Card_Logo_Back_Cover_D%20-%20Copy.jpg,,,,
Card,https://raw.githubusercontent.com/THIRTY9CLUES/Resin-Wars/refs/heads/main/Plastic%20Beasts%20Set%200.04/Vengeful%20Healer_Previews.png,https://raw.githubusercontent.com/THIRTY9CLUES/Resin-Wars/refs/heads/main/Mecha_Card_Logo_Back_Cover_D%20-%20Copy.jpg,,,,
Card,https://raw.githubusercontent.com/THIRTY9CLUES/Resin-Wars/refs/heads/main/Plastic%20Beasts%20Set%200.04/Veteran%20Assassin_Previews.png,https://raw.githubusercontent.com/THIRTY9CLUES/Resin-Wars/refs/heads/main/Mecha_Card_Logo_Back_Cover_D%20-%20Copy.jpg,,,,
Card,https://raw.githubusercontent.com/THIRTY9CLUES/Resin-Wars/refs/heads/main/Plastic%20Beasts%20Set%200.04/Visibility%20Low_Previews.png,https://raw.githubusercontent.com/THIRTY9CLUES/Resin-Wars/refs/heads/main/Mecha_Card_Logo_Back_Cover_D%20-%20Copy.jpg,,,,
Card,https://raw.githubusercontent.com/THIRTY9CLUES/Resin-Wars/refs/heads/main/Plastic%20Beasts%20Set%200.04/Youthful%20HItman_Previews.png,https://raw.githubusercontent.com/THIRTY9CLUES/Resin-Wars/refs/heads/main/Mecha_Card_Logo_Back_Cover_D%20-%20Copy.jpg,,,,