type,face,back,name,description,gm_notes,tags,sideways
Card,https://raw.githubusercontent.com/THIRTY9CLUES/Resin-Wars/refs/heads/main/Resin%20Wars%20v2%20Prototype/minipla%20concept/Cube%20Robo%207_minipla%20concept.png,https://raw.githubusercontent.com/THIRTY9CLUES/Resin-Wars/refs/heads/main/Resin%20Wars%20v2%20Prototype/Backs/%7BN%7D_Terrain.png,Cube Robo 7,,,,false
Card,https://raw.githubusercontent.com/THIRTY9CLUES/Resin-Wars/refs/heads/main/Resin%20Wars%20v2%20Prototype/minipla%20concept/Dagger_minipla%20concept.png,https://raw.githubusercontent.com/THIRTY9CLUES/Resin-Wars/refs/heads/main/Resin%20Wars%20v2%20Prototype/Backs/%7BN%7D_Terrain.png,Dagger,,,,false
Card,https://raw.githubusercontent.com/THIRTY9CLUES/Resin-Wars/refs/heads/main/Resin%20Wars%20v2%20Prototype/minipla%20concept/Desert%20Storm_minipla%20concept.png,https://raw.githubusercontent.com/THIRTY9CLUES/Resin-Wars/refs/heads/main/Resin%20Wars%20v2%20Prototype/Backs/%7BN%7D_Terrain.png,Desert Storm,,,,false
Card,https://raw.githubusercontent.com/THIRTY9CLUES/Resin-Wars/refs/heads/main/Resin%20Wars%20v2%20Prototype/minipla%20concept/Garm%20Punk_minipla%20concept.png,https://raw.githubusercontent.com/THIRTY9CLUES/Resin-Wars/refs/heads/main/Resin%20Wars%20v2%20Prototype/Backs/%7BN%7D_Terrain.png,Garm Punk,,,,false
Card,https://raw.githubusercontent.com/THIRTY9CLUES/Resin-Wars/refs/heads/main/Resin%20Wars%20v2%20Prototype/minipla%20concept/Lindwurm_minipla%20concept.png,https://raw.githubusercontent.com/THIRTY9CLUES/Resin-Wars/refs/heads/main/Resin%20Wars%20v2%20Prototype/Backs/%7BN%7D_Terrain.png,Lindwurm,,,,false
Card,https://raw.githubusercontent.com/THIRTY9CLUES/Resin-Wars/refs/heads/main/Resin%20Wars%20v2%20Prototype/minipla%20concept/Rifleman_minipla%20concept.png,https://raw.githubusercontent.com/THIRTY9CLUES/Resin-Wars/refs/heads/main/Resin%20Wars%20v2%20Prototype/Backs/%7BN%7D_Terrain.png,Rifleman,,,,false
Card,https://raw.githubusercontent.com/THIRTY9CLUES/Resin-Wars/refs/heads/main/Resin%20Wars%20v2%20Prototype/minipla%20concept/Valkyria_minipla%20concept.png,https://raw.githubusercontent.com/THIRTY9CLUES/Resin-Wars/refs/heads/main/Resin%20Wars%20v2%20Prototype/Backs/%7BN%7D_Terrain.png,Valkyria,,,,false
Card,https://raw.githubusercontent.com/THIRTY9CLUES/Resin-Wars/refs/heads/main/Resin%20Wars%20v2%20Prototype/option%20concept/Assault%20Rifle_option%20concept.png,https://raw.githubusercontent.com/THIRTY9CLUES/Resin-Wars/refs/heads/main/Resin%20Wars%20v2%20Prototype/Backs/%7BN%7D_Test.png,Assault Rifle,,,,true
Card,https://raw.githubusercontent.com/THIRTY9CLUES/Resin-Wars/refs/heads/main/Resin%20Wars%20v2%20Prototype/option%20concept/Axe_option%20concept.png,https://raw.githubusercontent.com/THIRTY9CLUES/Resin-Wars/refs/heads/main/Resin%20Wars%20v2%20Prototype/Backs/%7BN%7D_Test.png,Axe,,,,true
Card,https://raw.githubusercontent.com/THIRTY9CLUES/Resin-Wars/refs/heads/main/Resin%20Wars%20v2%20Prototype/option%20concept/Bazooka_option%20concept.png,https://raw.githubusercontent.com/THIRTY9CLUES/Resin-Wars/refs/heads/main/Resin%20Wars%20v2%20Prototype/Backs/%7BN%7D_Test.png,Bazooka,,,,true
Card,https://raw.githubusercontent.com/THIRTY9CLUES/Resin-Wars/refs/heads/main/Resin%20Wars%20v2%20Prototype/option%20concept/Beam%20Rifle_option%20concept.png,https://raw.githubusercontent.com/THIRTY9CLUES/Resin-Wars/refs/heads/main/Resin%20Wars%20v2%20Prototype/Backs/%7BN%7D_Test.png,Beam Rifle,,,,true
Card,https://raw.githubusercontent.com/THIRTY9CLUES/Resin-Wars/refs/heads/main/Resin%20Wars%20v2%20Prototype/option%20concept/Cannon_option%20concept.png,https://raw.githubusercontent.com/THIRTY9CLUES/Resin-Wars/refs/heads/main/Resin%20Wars%20v2%20Prototype/Backs/%7BN%7D_Test.png,Cannon,,,,true
Card,https://raw.githubusercontent.com/THIRTY9CLUES/Resin-Wars/refs/heads/main/Resin%20Wars%20v2%20Prototype/option%20concept/Dazzler_option%20concept.png,https://raw.githubusercontent.com/THIRTY9CLUES/Resin-Wars/refs/heads/main/Resin%20Wars%20v2%20Prototype/Backs/%7BN%7D_Test.png,Dazzler,,,,true
Card,https://raw.githubusercontent.com/THIRTY9CLUES/Resin-Wars/refs/heads/main/Resin%20Wars%20v2%20Prototype/option%20concept/Machine%20Gun_option%20concept.png,https://raw.githubusercontent.com/THIRTY9CLUES/Resin-Wars/refs/heads/main/Resin%20Wars%20v2%20Prototype/Backs/%7BN%7D_Test.png,Machine Gun,,,,true
Card,https://raw.githubusercontent.com/THIRTY9CLUES/Resin-Wars/refs/heads/main/Resin%20Wars%20v2%20Prototype/option%20concept/Machine%20Gun_option%20concept.png,https://raw.githubusercontent.com/THIRTY9CLUES/Resin-Wars/refs/heads/main/Resin%20Wars%20v2%20Prototype/Backs/%7BN%7D_Test.png,Machine Gun,,,,true
Card,https://raw.githubusercontent.com/THIRTY9CLUES/Resin-Wars/refs/heads/main/Resin%20Wars%20v2%20Prototype/option%20concept/Missile%20Launcher_option%20concept.png,https://raw.githubusercontent.com/THIRTY9CLUES/Resin-Wars/refs/heads/main/Resin%20Wars%20v2%20Prototype/Backs/%7BN%7D_Test.png,Missile Launcher,,,,true
Card,https://raw.githubusercontent.com/THIRTY9CLUES/Resin-Wars/refs/heads/main/Resin%20Wars%20v2%20Prototype/option%20concept/Pile%20Driver_option%20concept.png,https://raw.githubusercontent.com/THIRTY9CLUES/Resin-Wars/refs/heads/main/Resin%20Wars%20v2%20Prototype/Backs/%7BN%7D_Test.png,Pile Driver,,,,true
Card,https://raw.githubusercontent.com/THIRTY9CLUES/Resin-Wars/refs/heads/main/Resin%20Wars%20v2%20Prototype/option%20concept/Pistol_option%20concept.png,https://raw.githubusercontent.com/THIRTY9CLUES/Resin-Wars/refs/heads/main/Resin%20Wars%20v2%20Prototype/Backs/%7BN%7D_Test.png,Pistol,,,,true
Card,https://raw.githubusercontent.com/THIRTY9CLUES/Resin-Wars/refs/heads/main/Resin%20Wars%20v2%20Prototype/option%20concept/Shield_option%20concept.png,https://raw.githubusercontent.com/THIRTY9CLUES/Resin-Wars/refs/heads/main/Resin%20Wars%20v2%20Prototype/Backs/%7BN%7D_Test.png,Shield,,,,true
Card,https://raw.githubusercontent.com/THIRTY9CLUES/Resin-Wars/refs/heads/main/Resin%20Wars%20v2%20Prototype/option%20concept/Shotgun_option%20concept.png,https://raw.githubusercontent.com/THIRTY9CLUES/Resin-Wars/refs/heads/main/Resin%20Wars%20v2%20Prototype/Backs/%7BN%7D_Test.png,Shotgun,,,,true
Card,https://raw.githubusercontent.com/THIRTY9CLUES/Resin-Wars/refs/heads/main/Resin%20Wars%20v2%20Prototype/option%20concept/Sniper%20Rifle_option%20concept.png,https://raw.githubusercontent.com/THIRTY9CLUES/Resin-Wars/refs/heads/main/Resin%20Wars%20v2%20Prototype/Backs/%7BN%7D_Test.png,Sniper Rifle,,,,true
Card,https://raw.githubusercontent.com/THIRTY9CLUES/Resin-Wars/refs/heads/main/Resin%20Wars%20v2%20Prototype/option%20concept/Sword_option%20concept.png,https://raw.githubusercontent.com/THIRTY9CLUES/Resin-Wars/refs/heads/main/Resin%20Wars%20v2%20Prototype/Backs/%7BN%7D_Test.png,Sword,,,,true
Card,https://raw.githubusercontent.com/THIRTY9CLUES/Resin-Wars/refs/heads/main/Resin%20Wars%20v2%20Prototype/option%20concept/Type%2036%20Backpack_option%20concept.png,https://raw.githubusercontent.com/THIRTY9CLUES/Resin-Wars/refs/heads/main/Resin%20Wars%20v2%20Prototype/Backs/%7BN%7D_Test.png,Type 36 Backpack,,,,true
Card,https://raw.githubusercontent.com/THIRTY9CLUES/Resin-Wars/refs/heads/main/Resin%20Wars%20v2%20Prototype/terrain%20concept/Name_terrain%20concept%20(1).png,https://raw.githubusercontent.com/THIRTY9CLUES/Resin-Wars/refs/heads/main/Resin%20Wars%20v2%20Prototype/Backs/%7BN%7D_Terrain.png,,,,,false
Card,https://raw.githubusercontent.com/THIRTY9CLUES/Resin-Wars/refs/heads/main/Resin%20Wars%20v2%20Prototype/terrain%20concept/Name_terrain%20concept%20(2).png,https://raw.githubusercontent.com/THIRTY9CLUES/Resin-Wars/refs/heads/main/Resin%20Wars%20v2%20Prototype/Backs/%7BN%7D_Terrain.png,,,,,false
Card,https://raw.githubusercontent.com/THIRTY9CLUES/Resin-Wars/refs/heads/main/Resin%20Wars%20v2%20Prototype/terrain%20concept/Name_terrain%20concept%20(3).png,https://raw.githubusercontent.com/THIRTY9CLUES/Resin-Wars/refs/heads/main/Resin%20Wars%20v2%20Prototype/Backs/%7BN%7D_Terrain.png,,,,,false
Card,https://raw.githubusercontent.com/THIRTY9CLUES/Resin-Wars/refs/heads/main/Resin%20Wars%20v2%20Prototype/terrain%20concept/Name_terrain%20concept%20(4).png,https://raw.githubusercontent.com/THIRTY9CLUES/Resin-Wars/refs/heads/main/Resin%20Wars%20v2%20Prototype/Backs/%7BN%7D_Terrain.png,,,,,false
Card,https://raw.githubusercontent.com/THIRTY9CLUES/Resin-Wars/refs/heads/main/Resin%20Wars%20v2%20Prototype/terrain%20concept/Name_terrain%20concept%20(5).png,https://raw.githubusercontent.com/THIRTY9CLUES/Resin-Wars/refs/heads/main/Resin%20Wars%20v2%20Prototype/Backs/%7BN%7D_Terrain.png,,,,,false
Card,https://raw.githubusercontent.com/THIRTY9CLUES/Resin-Wars/refs/heads/main/Resin%20Wars%20v2%20Prototype/terrain%20concept/Name_terrain%20concept%20(6).png,https://raw.githubusercontent.com/THIRTY9CLUES/Resin-Wars/refs/heads/main/Resin%20Wars%20v2%20Prototype/Backs/%7BN%7D_Terrain.png,,,,,false
Card,https://raw.githubusercontent.com/THIRTY9CLUES/Resin-Wars/refs/heads/main/Resin%20Wars%20v2%20Prototype/terrain%20concept/Name_terrain%20concept.png,https://raw.githubusercontent.com/THIRTY9CLUES/Resin-Wars/refs/heads/main/Resin%20Wars%20v2%20Prototype/Backs/%7BN%7D_Terrain.png,,,,,false